<?xml version="1.0" encoding="UTF-8"?>
<project-private xmlns="http://www.netbeans.org/ns/project-private/1">
    <editor-bookmarks xmlns="http://www.netbeans.org/ns/editor-bookmarks/2" lastBookmarkId="0"/>
    <open-files xmlns="http://www.netbeans.org/ns/projectui-open-files/2">
        <group>
            <file>file:/home/mjbasgall/2021-taller/2-objetos/teoria2/Clase2/src/Clase2.java</file>
            <file>file:/home/mjbasgall/2021-taller/2-objetos/teoria2/Clase2/src/Estacionamiento.java</file>
            <file>file:/home/mjbasgall/2021-taller/2-objetos/teoria2/Clase2/src/Auto.java</file>
        </group>
    </open-files>
</project-private>
